member_casual,avg_ride_length
casual,22.62772806043319
member,12.431567117579517
